dataset_name,document_name,segment_index,segment_content
决策层训练样例cn_1211更新(2...,决策层训练样例cn_1211更新(2).xlsx,1,"query"":""拼写桌面上物体完整的单词"";""answer"":""根据以下步骤执行，每次只能输出一个动作函数： 1、调用seewhat()观察环境，查看桌面上的有什么物体； 2、回复能够表示桌面上物体的单词是什么； 3、调用seewhat()观察环境，查看表示该物体的英文单词是否拼写完整； - 若不完整，则按照以下步骤执行，每次输出一个函数： （1）、调用seewhat()观察环境，获取可以补充完整该物体的英文单词拼写的字母的位置； （2）、调用point_to(x1, y1, x2, y2)函数指向可以补充完整该物体的英文单词拼写的字母（其中x1, y1, x2, y2为可以补充完整该物体的英文单词拼写的字母的外边框坐标参数）。最后回到初始位置， - 若完整，则调用finishtask()函数（3）、调用finish_dialogue()结束任务回到初始位置“"
决策层训练样例cn_1211更新(2...,决策层训练样例cn_1211更新(2).xlsx,2,"query"":""猜一下桌面上的单词可能是什么意思，请完整拼写它"";""answer"":""根据以下步骤执行，每次只能输出一个动作函数： 1、调用seewhat()观察环境，查看桌面上的单词； 2、回复桌面上的单词可能是什么单词； 3、调用seewhat()观察环境，查看桌面上的单词是否拼写完整； - 若不完整，则按照以下步骤执行，每次输出一个函数： （1）、调用seewhat()观察环境，获取可以补充完整单词拼写的字母的位置； （2）、调用point_to(x1, y1, x2, y2)函数指向可以补充完整单词拼写的字母（其中x1, y1, x2, y2为可以补充完整单词拼写的字母的相关坐标参数）。 - 若完整，则调用finishtask()函数""（3）、最后调用finish_dialogue()结束任务回到初始位置"
决策层训练样例cn_1211更新(2...,决策层训练样例cn_1211更新(2).xlsx,3,"query"":""看一下这道题的正确答案是什么"";""answer"":""严格按照以根据以下步骤执行，每次只能输出一个动作函数：1.调用seewhat()函数查看题目；2. 先回复题目的结果； 3. 在桌面上找出题目答案选项； 4. 调用point_to(x1, y1, x2, y2)函数指向该答案选项（其中x1, y1, x2, y2为该答案选项位置的相关坐标参数）。5.调用finish_dialogue()结束任务回到初始位置"
决策层训练样例cn_1211更新(2...,决策层训练样例cn_1211更新(2).xlsx,4,"query"":""桌面上物体的英文单词是哪个"";""answer"":""根据以下步骤执行，每次只能输出一个动作函数： 1、调用`seewhat()`观察环境； 2、回复桌面上的物体有哪些； 3、调用`seewhat()`，查看是否有表示桌面物体英文单词； 4、调用`seewhat()`，获取物体英文单词的位置； 5、调用point_to(x1, y1, x2, y2)函数指向英文单词。6、调用finish_dialogue()结束任务回到初始位置"""
决策层训练样例cn_1211更新(2...,决策层训练样例cn_1211更新(2).xlsx,5,"query"":""桌面上哪种水果的维生素含量最高"";""answer"":""根据以下步骤执行，每次只能输出一个动作函数：1、调用`seewhat()`观察环境； 2、回复桌面上的水果哪种富含的维生素最高； 3、调用`seewhat()`函数，查看维生素含量最高的水果的位置； 4、调用point_to(x1, y1, x2, y2)函数指向维生素含量最高的水果。5、最后调用finish_dialogue()结束任务回到初始位置"""
决策层训练样例cn_1211更新(2...,决策层训练样例cn_1211更新(2).xlsx,6,"query"":""记住现在红色方块和蓝色方块的位置，然后把红色方块放在4厘米高的黄色方块的前边，然后把蓝色方块放在黄色方块的上边，最后把红色方块和蓝色方块放回原位。 "";""answer"":""根据以下步骤执行，每次只能输出一个动作函数： 0、调用`seewhat()`观察环境； 1、调用`seewhat()`观察环境查看红色方块的位置； 2、调用compute_pose(x1, y1, x2, y2`)函数记录红色方块现在的位置； 3、调用`seewhat()`观察环境查看蓝色方块的位置； 4、调用compute_pose(x1, y1, x2, y2)函数记录蓝色方块现在的位置； 5、调用grasp_obj(x1,y1,x2,y2)函数夹取红色方块，x1,y1,x2,y2为红色方块的外边框坐标； 6、调用seewhat()查看黄色方块的位置，6、调用change_pose(x1,y1,x2,y2,`red`,`yellow`,side,tar_size)函数把红色方块放在黄色方块的右边，其中x1,y1,x2,y2为黄色方块的外边框坐标，side表示放置的位置，tar_size表示黄色方块的高度为整数除非给定默认为3； 7、调用grasp_obj(x1,y1,x2,y2)夹取蓝色方块，其中x1,y1,x2,y2为蓝色方块的外边框坐标；8、调用change_pose(x1,y1,x2,y2,`blue`,`yellow`,side,tar_size)函数把蓝色方块放在黄色方块的上边，其中x1,y1,x2,y2为黄色方块的外边框坐标，side表示放置的位置，tar_size表示黄色方块的高度； 8、调用grasp_from_down_list(`red`)，在放置列表中找到红色方块现在的位置； 9、调用return_to_orin(`color`)函数，`color`为目标归位色块的颜色，取值范围为`red`、`blue`、`green`或`yellow`； 10、调用grasp_from_down_list(`blue`)，在放置列表中找到蓝色方块现在的位置；11、调用return_to_orin(`color`)函数，`color`为目标归位色块的颜色，取值范围为`red`、`blue`、`green`或`yellow`。每次夹取完一个色块都需要先将机械臂回到初始位置"""
决策层训练样例cn_1211更新(2...,决策层训练样例cn_1211更新(2).xlsx,7,"query"":""除了桌面上的可回收垃圾，清理桌面上的其它类型的垃圾。"";""answer"":""依次调用分拣垃圾的函数garbage_sort(x)，参数是‘tox’，'wet和'dry'，这里每次只能输出一个动作函数."""
决策层训练样例cn_1211更新(2...,决策层训练样例cn_1211更新(2).xlsx,8,"query"":""把桌面上的垃圾进行分类"";""answer"":""调用`garbage_sort_all()`函数"""
决策层训练样例cn_1211更新(2...,决策层训练样例cn_1211更新(2).xlsx,9,"query"":""清理桌面上的垃圾"";""answer"":""调用`garbage_sort_all()`函数"""
决策层训练样例cn_1211更新(2...,决策层训练样例cn_1211更新(2).xlsx,10,"query"":""我的肚子有点不舒服"";""answer"":""1、调用`seewhat()`函数，观察桌面上有哪些药品，并回复每种药品治疗的功效； 2、结合症状问题，回复能够缓解症状的药品名称； 3、调用`seewhat()`函数，查看该能够缓解症状的药品的位置； 4、调用point_to(x1, y1, x2, y2)函数指向该能够缓解症状的药品。5.最后调用finish_dialogue()结束任务回到初始位置"""
决策层训练样例cn_1211更新(2...,决策层训练样例cn_1211更新(2).xlsx,11,"query"":""我们来做一个算数题，1+1等于多少？"";""answer"":""严格按照以下步骤，先回复算数题结果，再查看桌面上是否有符合结果的数字。1.先回复算术题的结果； 2. 在桌面上找出与结果相符的数字； 3. 依据桌面上是否存在符合结果的数字进行如下操作： - 若存在，则调用point_to(x1, y1, x2, y2)函数指向该数字（其中x1, y1, x2, y2为该数字位置的相关坐标参数）； - 若不存在，则调用arm_shake()函数。4.调用finish_dialogue()结束任务回到初始位置"""
决策层训练样例cn_1211更新(2...,决策层训练样例cn_1211更新(2).xlsx,12,"query"":""夹取绿色方块"";""answer"":""先调用seewhat函数获取当前视角图像，然后把绿色方块的顶面的外边框坐标x1, y1, x2, y2传入机械臂夹取物体函数grasp_obj(x1, y1, x2, y2)"""
决策层训练样例cn_1211更新(2...,决策层训练样例cn_1211更新(2).xlsx,13,"query"":""我们来玩一个游戏，猜一猜有什么物体在"";""answer"":""1、调用record_video函数，传入的参数是20，录制一段20秒的视频； 2、调用video_understanding函数对录制的20秒视频进行解析。"""
决策层训练样例cn_1211更新(2...,决策层训练样例cn_1211更新(2).xlsx,14,"query"":""追踪1号机器码"";""answer"":""执行以下的步骤，追踪物体，这里每次只能输出一个动作函数： 1、调用函数`track_pose()`把机械臂调整到追踪姿态； 2、调用函数`apriltag_follow(target_id)`，其中target_id为目标追踪机器码的编号。"""
决策层训练样例cn_1211更新(2...,决策层训练样例cn_1211更新(2).xlsx,15,"query"":""把桌面上的色块按照黄红蓝绿的顺序进行分拣"";""answer"":""执行以下的步骤，这里每次只能输出一个动作函数：1.调用`check_remove(color)`函数，检查移除列表中是否存在当前需要分拣的目标色块（其中，`color`为当前需要分拣的目标色块的颜色，取值范围为`red`、`blue`、`green`或`yellow`）； 2. 若移除列表中存在当前需要分拣的目标色块，执行以下操作： （1）调用`grasp_from_rm_list(color)`函数，在移除列表中夹取该当前需要分拣的目标色块（`color`参数含义同上）； （2）调用`arm_stack(color)`将目标色块放置到指定位置（其中`color`参数含义同上）。。 3. 若移除列表中不存在目标色块，需按以下步骤将当前需要分拣的色块进行分拣（每次仅输出一个动作函数）：（1）调用`seewhat()`函数，找到当前需要分拣的目标色块；（2）调用`seewhat()`函数，判断当前需要分拣的目标色块的上面有没有其他物体；（3）若当前需要分拣的目标色块的上面没有被其他物体，执行以下步骤（每次仅输出一个动作函数）： ①.调用`grasp_obj(x1, y1, x2, y2)`函数夹取当前需要分拣的目标色块（其中，`(x1, y1, x2, y2)`为当前需要分拣的目标色块的顶面的边框坐标）； ②.调用`arm_stack(color)`将当前需要分拣的目标色块放置到指定位置（其中`color`参数含义同上）。"
决策层训练样例cn_1211更新(2...,决策层训练样例cn_1211更新(2).xlsx,16,"（4）若当前需要分拣的目标色块的上面有其他物体，执行以下步骤先移除该物体再分拣当前需要分拣的目标色块，这里每次只能输出一个动作函数：①.调用`remove_obj(x1, y1, x2, y2, color)`函数移除该物体（其中，`(x1, y1, x2, y2)`为该物体的顶面的边框坐标，`color`为该物体的颜色，取值范围为`red`、`blue`、`green`或`yellow`）； ②.调用`seewhat()`函数，观察环境； ③ .若当前需要分拣的目标色块的上面没有其他物体， 调用`grasp_obj(x1, y1, x2, y2)`函数夹取当前需要分拣的目标色块（其中，`(x1, y1, x2, y2)`为当前需要分拣的目标色块的顶面的边框坐标）； ④.调用`arm_stack(color)`将目标色块放置到指定位置（其中`color`参数含义同上）。。""。"
决策层训练样例cn_1211更新(2...,决策层训练样例cn_1211更新(2).xlsx,17,"query"":""追踪物体/绿色方块"";""answer"":""执行以下的步骤，追踪物体，这里每次只能输出一个动作函数： 1、调用函数`track_pose()`把机械臂调整到追踪姿态； 2、调用`seewhat()`观察环境； 3、调用函数`track(x1, y1, x2, y2)`，其中x1, y1, x2, y2为物体的外边框坐标"""
决策层训练样例cn_1211更新(2...,决策层训练样例cn_1211更新(2).xlsx,18,"query"":""记住色块现在的位置"";""answer"":""1、调用`seewhat()`观察环境； 2、重新调用`seewhat()`观察环境然后判断哪个色块是顶部色块； 3、如果环境中有两堆及两堆以上色块，根据是否为单独色块，选择执行以下内容，对每堆色块进行计算，这里每次只能输出一个动作函数： （1）、如果是单独色块，那么把色块的外边框坐标传入函数`compute_pose(x1, y1, x2, y2, 'name'）`,其中`name`表示色块的颜色，取值为`red`、`blue`、`green`或者`yellow`； （2）、如果不是单独色块，那么把顶部色块的外边框坐标传入函数`compute_pose_order(x1, y1, x2, y2, 'name'，'order')`，其中`name`表示色块的颜色，取值为`red`、`blue`、`green`或者`yellow`，`order`表示色块排列由上到下的排列顺序，取值为从上到下每一层色块颜色的首字母组合起来的字符串，比如从上到下的色块的排列顺序是：red,blue,green,yellow，那么order的取值就为`rbgy`，以此类推。 4、如果只有一堆色块，那么把顶部色块的外边框坐标传入函数`compute_pose_order(x1, y1, x2, y2, 'name'，'order')`，其中`name`表示色块的颜色，取值为`red`、`blue`、`green`或者`yellow`，`order`表示色块排列由上到下的排列顺序，取值为从上到下每一层色块颜色的首字母组合起来的字符串，比如从上到下的色块的排列顺序是：red,blue,green,yellow，那么order的取值就为`rbgy`，以此类推."""
决策层训练样例cn_1211更新(2...,决策层训练样例cn_1211更新(2).xlsx,19,"query"":""记住当前蓝色方块的位置，然后把蓝色方块放在4厘米高的绿色方块上边，最后把蓝色方块放回到原来的位置"";""answer"":""根据以下步骤执行，每次只能输出一个动作函数： 1、调用`seewhat()`观察环境； 2、调用compute_pose(x1, y1, x2, y2)函数记录蓝色方块的现在的位置； 3、调用`grasp_obj(x1,y1,x2,y2)`夹取蓝色方块，x1,y1,x2,y2是蓝色方块的外边框坐标； 4、调用`seewhat()`观察环境，查看绿色方块的位置；5、调用change_pose(x1,y1,x2,y2`blue`,`green`,side,4)函数把蓝色方块放在绿色方块的上方，其中x1,y1,x2,y2为绿色方块的外边框坐标，side表示放置的位置，4表示绿色方块的高度除非像上面那样给定否则默认为3且必须是整数；6、调用grasp_from_down_list(`blue`)，在放置列表中找到蓝色方块现在的位置；7、调用return_to_orin(`color`)函数，`color`为目标归位色块的颜色，取值范围为`red`、`blue`、`green`或`yellow`。"""
决策层训练样例cn_1211更新(2...,决策层训练样例cn_1211更新(2).xlsx,20,"query"":""把桌面上方块放回到原来的位置"";""answer"":""1. 首先，调用`color_back_to_orin()`函数，控制色块归位。 2. 调用`check_remove(color)`函数，检查移除列表中是否存在目标色块（其中，`color`为目标色块的颜色，取值范围为`red`、`blue`、`green`或`yellow`）。 3. 若移除列表中存在目标色块，执行以下操作： （1）调用`grasp_from_rm_list(color)`函数，在移除列表中夹取该目标色块（`color`参数含义同上）； （2）将目标色块的颜色作为参数传入`return_to_orin(color)`函数，例如目标色块为红色时，调用`return_to_orin(red)`（`color`参数取值范围同上）。 4. 若移除列表中不存在目标色块，需按以下步骤将色块放回原位置（每次仅输出一个动作函数）： （1）调用`seewhat()`函数，找到当前需要归位的目标色块； （2）调用`seewhat()`函数，判断当前需要归位的目标色块的上面有没有其他物体；（3）若当前需要归位的目标色块顶部没有其他色块时，执行以下步骤： ① 调用`grasp_obj(x1, y1, x2, y2)`函数夹取当前需要归位的目标色块（其中，`(x1, y1, x2, y2)`为当前需要归位的目标色块的顶面的边框坐标）； ② 将目标色块的颜色作为参数传入`return_to_orin(color)`函数（`color`参数取值范围同上）。（4）若当前需要归位的目标色块的顶部有其他色块时，执行以下步骤： ① 调用`remove_obj(x1, y1, x2, y2, color)`函数移除该色块（其中，`(x1, y1, x2, y2)`为该色块顶面的边框坐标，`color`为该色块的颜色，取值范围为`red`、`blue`、`green`或`yellow`）； ② 调用`seewhat()`函数，观察环境； ③ 若当前需要归位的目标色块的上方没有其他色块，调用`grasp_obj(x1, y1, x2, y2)`函数夹取目标色块（其中，`(x1, y1, x2, y2)`为目标色块顶面的边框坐标）； ④ 将目标色块的颜色作为参数传入`return_to_orin(color)`函数（`color`参数取值范围同上）。每次夹取完一个色块都需要先将机械臂回到初始位置"""
决策层训练样例cn_1211更新(2...,决策层训练样例cn_1211更新(2).xlsx,21,"query"":""录制的视频中的小球最后在哪个盒子里边"";""answer"":""调用video_understanding函数对录制的20秒视频进行解析"""
决策层训练样例cn_1211更新(2...,决策层训练样例cn_1211更新(2).xlsx,22,"query"":""我们来玩一个游戏，先录制一段视频，然后猜一猜在视频最后哪个杯子有物体"";""answer"":""1、调用record_video函数，传入的参数是20，录制一段20秒的视频； 2、调用video_understanding函数对录制的20秒视频进行解析，在视频最后，哪个杯子下藏有物体； 3、调用point_to(x1, y1, x2, y2)函数指向藏有物体的杯子，其中x1, y1, x2, y2表示在视频最后，藏有物体的杯子的外边框坐标，最后回到初始位置"""
决策层训练样例cn_1211更新(2...,决策层训练样例cn_1211更新(2).xlsx,23,"query"":""清理有毒垃圾"";""answer"":""调用分拣垃圾的函数，参数是‘tox’"""
决策层训练样例cn_1211更新(2...,决策层训练样例cn_1211更新(2).xlsx,24,"query"":""分拣可回收垃圾"";""answer"":""调用分拣垃圾的函数，参数是‘rec’"""
决策层训练样例cn_1211更新(2...,决策层训练样例cn_1211更新(2).xlsx,25,"query"":""夹取物体"";""answer"":""先调用seewhat函数获取当前视角图像，然后把目标物体的上表面的外边框坐标x1, y1, x2, y2传入机械臂夹取物体函数grasp_obj(x1, y1, x2, y2)"""
决策层训练样例cn_1211更新(2...,决策层训练样例cn_1211更新(2).xlsx,26,"query"":""调整机械臂到追踪姿态"";""answer"":""调用机械臂追踪姿态的函数"""
决策层训练样例cn_1211更新(2...,决策层训练样例cn_1211更新(2).xlsx,27,"query"":""分拣1号机器码"";""answer"":""调用分拣夹取机器码的函数，参数是1"""
决策层训练样例cn_1211更新(2...,决策层训练样例cn_1211更新(2).xlsx,28,"query"":""移除高度高于5厘米的机器码"";""answer"":""调用移除指定高度的机器码函数，参数是5"""
决策层训练样例cn_1211更新(2...,决策层训练样例cn_1211更新(2).xlsx,29,"query"":""观察你看到的环境，让桌面上的红色木块和绿色木块数量一致"";""answer"":""1. 先调用`seewhat()`观察环境，获取桌面上红色木块和绿色木块的数量。 2. 如果红色木块数量大于绿色木块数量，则执行以下步骤： - 调用`seewhat()`观察环境，获取一个红色木块的外边框坐标(x1, y1, x2, y2)。 - 调用`grasp_obj(x1, y1, x2, y2)`夹取该红色木块。 - 调用`putdown()`将红色木块放置到桌面以外的区域。 - 重复上述步骤，直到红色木块和绿色木块数量一致。 3. 如果绿色木块数量大于红色木块数量，则执行以下步骤： - 调用`seewhat()`观察环境，获取一个绿色木块的外边框坐标(x1, y1, x2, y2)。 - 调用`grasp_obj(x1, y1, x2, y2)`夹取该绿色木块。 - 调用`putdown()`将绿色木块放置到桌面以外的区域。 - 重复上述步骤，直到红色木块和绿色木块数量一致。 4. 如果红色木块和绿色木块数量已经一致，则无需操作。"""
决策层训练样例cn_1211更新(2...,决策层训练样例cn_1211更新(2).xlsx,30,"query"":""我肚子饿了"";""answer"":""1、先调用`seewhat()`观察环境，查看环境有哪些东西可以吃的。 2、如果环境中存在可以吃的东西，那么就调用`grasp_obj(x1, y1, x2, y2)`夹取该物体； 3、调用`putdown()`将放置该物体。4、调用finish_dialogue()结束任务回到初始位置"""
决策层训练样例cn_1211更新(2...,决策层训练样例cn_1211更新(2).xlsx,31,"query"":""我有点口渴"";""answer"":""1、先调用`seewhat()`观察环境，查看环境有哪些可以喝的饮品。 2、如果环境中存在可以喝的饮品，那么就调用`grasp_obj(x1, y1, x2, y2)`夹取该物体； 3、调用`putdown()`将放置该物体；4、调用finish_dialogue()结束任务回到初始位置"""
决策层训练样例cn_1211更新(2...,决策层训练样例cn_1211更新(2).xlsx,32,"query"":""桌面上的食材能做出什么美食"";""answer"":""最多只能选择两个食材。根据以下步骤执行，每次只能输出一个动作函数： 1、调用seewhat()观察环境，查看桌面上的有什么食材；2、回复可以做成一道菜的两个食材是什么以及菜名；3、调用seewhat()观察第一个食材的位置；4、调用grasp_obj(x1,y1x2,y2)夹取第一个食材；5、调用putdown()放下第一个食材；6、调用seewhat()观察第二个食材的位置；7、调用grasp_obj(x1,y1,x2,y2)夹取第二个食材；8、调用putdown()放下第二个食材。8、调用finish_dialogue()结束任务回到初始位置"""
决策层训练样例cn_1211更新(2...,决策层训练样例cn_1211更新(2).xlsx,33,"query"":""我们来做一个算数题，给我指一下1+1等于多少？"";""answer"":""1.回复用户结果2.用`seewhat()`观察周围环境，3.如果桌面上存在算数题的结果数字，那么就调用‘point_to(x1,y1,x2,y2)’控制机械臂指向这个数字,如果没有答案就摇头；4.最后调用finish_dialogue()回到初始位置"""
决策层训练样例cn_1211更新(2...,决策层训练样例cn_1211更新(2).xlsx,34,"query"":""记住当前蓝色方块的位置，然后把蓝色方块放在4厘米高的绿色方块上边，最后把蓝色方块放回到原来的位置"";""answer"":""根据以下步骤执行，每次只能输出一个动作函数： 1、调用`seewhat()`观察环境； 2、调用compute_pose(x1, y1, x2, y2)函数记录蓝色方块的现在的位置； 3、调用`grasp_obj(x1,y1,x2,y2)`夹取蓝色方块，x1,y1,x2,y2是蓝色方块的外边框坐标； 4、调用`seewhat()`观察环境，查看绿色方块的位置；5、调用change_pose(x1,y1,x2,y2`blue`,`green`,side,4)函数把蓝色方块放在绿色方块的上方，其中x1,y1,x2,y2为绿色方块的外边框坐标，side表示放置的位置，4表示绿色方块的高度除非给定否则默认为3，且为整数；6、调用grasp_from_down_list(`blue`)，在放置列表中找到蓝色方块现在的位置；7、调用return_to_orin(`color`)函数，`color`为目标归位色块的颜色，取值范围为`red`、`blue`、`green`或`yellow`。"""
决策层训练样例cn_1211更新(2...,决策层训练样例cn_1211更新(2).xlsx,35,"query"":""我有点头疼"";""answer"":""1、调用`seewhat()`函数，观察桌面上有哪些药品，并回复每种药品治疗的功效； 2、结合症状问题，回复能够缓解症状的药品名称； 3、调用`seewhat()`函数，查看该能够缓解症状的药品的位置； 4、调用point_to(x1, y1, x2, y2)函数指向该能够缓解症状的药品。5.最后调用finish_dialogue()结束任务，机械臂回到初始位置"""
