功能名称,功能备注,语音识别内容,M2C,C2M,语音播报内容
唤醒词,唤醒语音模块,你好小亚 Hi Yahboom,0.0,,"自动‘在的’ Hi , I'm here."
语音控制小车运动,停止,小车停止 Robot stop,1.0,1.0,"好的，已停止 OK , I'm stop."
,停止,停车 Stop,2.0,2.0,"好的，已停止 OK , I'm stop."
,休眠,小车休眠 Robot sleep,3.0,3.0,"好的，已休眠 OK , Call me again if there's anything else."
,前进,小车前进 Go ahead,4.0,4.0,"好的，正在前进 OK , let's go."
,后退,小车后退 Back,5.0,5.0,"好的，正在后退 OK , I‘m back."
,左转,小车左转 Turn left,6.0,6.0,"好的，正在向左转 OK , I‘m turning left."
,右转,小车右转 Turn right,7.0,7.0,"好的，正在向右转 OK , I‘m turning right."
,左旋,小车左旋 Enter A mode,8.0,8.0,"好的，正在向左旋转 OK, I‘m working on A mode."
,右旋,小车右旋 Enter B mode,9.0,9.0,"好的，正在向右旋转 OK, I‘m working on B mode."
语音控制RGB灯,关灯,关灯 Close light,10.0,10.0,"好的，已关灯 OK, light is closed."
,亮红灯,亮红灯 Red light up,11.0,11.0,"好的，已亮红灯  OK, red light is on."
,亮绿灯,亮绿灯  Green light up,12.0,12.0,"好的，已亮绿灯 OK, green light is on."
,亮蓝灯,亮蓝灯 Blue light up,13.0,13.0,"好的，已亮蓝灯 OK, blue light is on."
,亮黄灯,亮黄灯 Yellow light up,14.0,14.0,"好的，已亮黄灯 OK,  yellow light is on."
,打开流水灯,打开流水灯 light A,15.0,15.0,"好的，已打开流水灯 OK, light A is on."
,打开渐变灯,打开渐变灯 light B,16.0,16.0,"好的，已打开渐变灯 OK, light B is on."
,打开呼吸灯,打开呼吸灯 light C,17.0,17.0,"好的，已打开呼吸灯 OK, light C is on."
,显示电量,显示电量 Display battery value,18.0,18.0,"好的，已显示电量 OK, battery value has been display ."
语音导航玩法,导航去一号位,导航去一号位 Go to the point A,19.0,19.0,"好的，正在去一号位 OK, I'm going to the point A."
,导航去二号位,导航去二号位 Go to the point B,20.0,20.0,"好的，正在去二号位 OK, I'm going to the point B."
,导航去三号位,导航去三号位 Go to the point C,21.0,21.0,"好的，正在去三号位 OK,I'm going to the point C."
,导航去四号位,导航去四号位 Go to the point D,32.0,32.0,"好的，正在去四号位 OK, I'm going to the point D."
,回到原点,回到原点 Return to the original place,33.0,33.0,"好的，正在回到原点 OK, I'm return back."
智能追踪玩法,关闭巡线功能,关闭巡线 Close tracking mode,22.0,22.0,"好的，已关闭巡线功能 OK, tracking mode is closed"
,开启巡红线功能,巡红线 Tracking the red line,23.0,23.0,"好的，已开启巡红线功能 OK, I will track the red line"
,开启巡绿线功能,巡绿线 Tracking the green line,24.0,24.0,"好的，已开启巡绿线功能 OK, I will track the green line"
,开启巡蓝线功能,巡蓝线 Tracking the blue line,25.0,25.0,"好的，已开启巡蓝线功能 OK, I will track the blue line"
,开启巡黄线功能,巡黄线 Tracking the yellow line,26.0,26.0,"好的，已开启巡黄线功能  OK, I will track the yellow line"
,开启跟随功能,开启跟随 mode on,27.0,27.0,"好的，已开启跟随功能 OK, mode on"
,关闭跟随功能,取消追踪 mode off,28.0,28.0,"好的，取消追踪 OK, mode off"
机械臂简单语音控制,蜂鸣器报警,报警  Warning,38.0,38.0,好的，已开启报警 OK
,向上,向上 Lift the arm up,39.0,39.0,"好的，已控制向上 OK , the arm has been raised."
,向下,向下 Put the arm down,40.0,40.0,"好的，已控制向下 OK, the arm is down."
,向左,向左 Arm left,41.0,41.0,"好的，已控制向左 OK, the arm has turned left."
,向右,向右 Arm right,42.0,42.0,"好的，已控制向右 OK, the arm has turned right."
,夹紧,夹紧 Clamp the clip,43.0,43.0,"好的，已控制夹紧 OK, the clip is clamped."
,松开,松开 Open the clip,44.0,44.0,"好的，已控制松开 OK, the clip has been opened."
机械臂智能控制,鼓掌,鼓掌  Action A,45.0,45.0,好的 OK
,点头,点头  Action B,46.0,,
,祈祷,祈祷  Action C,47.0,,
,跪下,跪下  Action D,48.0,,
,初始位置,初始位置 Reset,49.0,,
,惊吓,惊吓  Action E,50.0,,
机械臂动作控制,叠罗汉,叠罗汉  Stack the block,51.0,51.0,"好的，开始叠罗汉 OK, let me stack them."
,跳舞,跳舞  Dancing,52.0,52.0,"好的，开始跳舞 OK, Let's dance."
,夹方块,夹方块 Clip the block,53.0,53.0,"好的，开始夹方块  OK,let me clip them."
,搬运,搬运 Carry the block,54.0,54.0,"好的，开始搬运 OK, let me carry them."
机械臂记忆学习模式,,,,29.0,我可以开始动作输入，I'm ready.Let me record some actions.
,输入完成,输入完成 record it.,55.0,55.0,"好的，请输入下一组动作 OK, please set the next action."
,,,,56.0,"已超过20组动作，录入已结束 Too many actions, I can't record them ."
,输入结束,输入结束 Now is over,56.0,57.0,"好的，已结束 OK, 我已经记录他们Noted it,I've recorded them."
,运动动作,运动动作  Display actions,57.0,58.0,"好的，开始运行动作 OK, Let's do it."
,清除动作,清除动作 Clear actions,58.0,59.0,"好的，动作已清除 OK, actions have been cleared."
颜色识别语音识别播报,开启颜色识别语音播报功能,颜色识别 color recognition,59.0,60.0,语音初始化完成 Show me some items.
,这是什么颜色,这是什么颜色 What color is this?,60.0,61.0,这是红色 This is red
,,,,62.0,这是蓝色 This is blue
,,,,63.0,这是绿色 This is green
,,,,64.0,这是黄色 This is yellow
颜色识别分拣播报,开启颜色识别分拣功能,颜色分拣 Sort color block,61.0,65.0,放置完成  It has been in its place.
,,,,66.0,识别到黄色 This is yellow
,,,,67.0,识别到绿色 This is green
,,,,68.0,识别到蓝色  This is blue
,,,,69.0,识别到红色  This is red
颜色识别抓取播报,开启颜色识别抓取功能,颜色抓取 Get the color block,70.0,70.0,"抓取完成 OK, I got it."
语音识别目标追踪,开始追踪人脸,开始追踪人脸 Face following,71.0,71.0,"好的，开始追踪人脸 OK,I found the face"
,开始追踪黄色,开始追踪黄色 yellow  following,72.0,72.0,"好的，开始追踪黄色  OK, I found the yellow"
,开始追踪红色,开始追踪红色 red  following,73.0,73.0,"好的，开始追踪红色  OK, I found the red"
,开始追踪绿色,开始追踪绿色 green  following,74.0,74.0,"好的，开始追踪绿色 OK, I found the green"
,开始追踪蓝色,开始追踪蓝色 follow this color,75.0,75.0,"好的，开始追踪蓝色 OK, I found this color"
,取消追踪,取消追踪  stop  following,76.0,76.0,"好的，取消追踪 OK, it has been stoped"
语音控制堆叠,夹取黄色,夹取黄色 Stack the yellow block,77.0,77.0,"好的，开始夹取 OK, let me do it."
,夹取红色,夹取红色 Stack the red block,78.0,,
,夹取绿色,夹取绿色 Stack the green block,79.0,34.0,我刚才夹取了 I grabbed it just now.
,夹取蓝色,夹取蓝色 Stack the blue block,80.0,,
,放置完成,,,81.0,放置完成  completed
,推倒,推倒 Push down,82.0,82.0,好的 No problem
颜色分拣与堆叠,开启颜色分拣与堆叠功能,,,87.0,初始化完成  I'm ready.
,每次接收到一个颜色则自动说第几个,颜色堆叠 What color is here?,83.0,88.0,识别到  I see
,,,,46.0,红色  Red
,,,,47.0,黄色 Yellow
,,,,48.0,蓝色 Blue
,,,,49.0,绿色 Green
,,,,92.0,排序完成是否开始分拣 Do I need to sort them? 
,,不要 No,91.0,,
,,开始分拣 Yes,92.0,89.0,第一个要排序的颜色是  Which is the first color to sort?
,,红色 Red,87.0,84.0,第二个 Which is the second color to sort?
,,绿色 Green,88.0,85.0,第三个 Which is the third color to sort?
,,蓝色 Blue,89.0,86.0,第四个 Which is the last one to sort?
,,黄色 Yellow,90.0,,
垃圾分拣播报,开启垃圾分拣功能,垃圾分拣 garbage sorting,93.0,87.0,初始化完成 I'm ready.
,,这是什么垃圾 What garbage is this?,94.0,94.0,"这是易拉罐，属于可回收垃圾 This is a can, which is recyclable"
,,,,95.0,"这是旧书包，属于可回收垃圾  This is an old school bag, which is recyclable"
,,,,96.0,"这是报纸，属于可回收垃圾 This is a newspaper, which is recyclable"
,,,,97.0,"这是书本，属于可回收垃圾 This is a book, which is recyclable"
,,,,98.0,"这是注射器，属于有毒垃圾 This is a syringe, which is toxic waste"
,,,,99.0,"这是废旧电池，属于有毒垃圾 This is a waste battery, which is toxic waste"
,,,,100.0,"这是过期化妆品，属于有毒垃圾 This is a expired cosmetics, which is toxic waste"
,,,,101.0,"这是过期药品，属于有毒垃圾 This is a expired medicine, which is toxic waste"
,,,,102.0,"这是鱼骨，属于湿垃圾 This is a fish bone, which is wet waste"
,,,,103.0,"这是西瓜皮，属于湿垃圾 This is a watermelon rind, which is wet waste"
,,,,104.0,"这是苹果核，属于湿垃圾   This is a apple core, which is wet waste"
,,,,105.0,"这是鸡蛋壳，属于湿垃圾  This is a egg shells, which is wet waste"
,,,,106.0,"这是一次性筷子，属于干垃圾 This is a disposable chopsticks, which is dry waste"
,,,,107.0,"这是烟蒂，属于干垃圾   This is a cigarette butt, which is dry waste"
,,,,108.0,"这是桃核，属于干垃圾 This is a peach core, which is dry waste"
,,,,109.0,"这是卫生纸，属于干垃圾 This is a toilet paper, which is dry waste"
指令词,指令词,分拣1号机器码,95.0,45.0,
,,分拣2号机器码,96.0,45.0,
,,分拣3号机器码,97.0,45.0,
,,指令分拣4号机器码,98.0,45.0,
,,移除高度异常机器码,99.0,45.0,
,,分拣红色块,100.0,45.0,
,,分拣绿色块,101.0,45.0,
,,分拣蓝色块,102.0,45.0,
,,分拣黄色块,103.0,45.0,
,,移除高度异常色块,104.0,45.0,
,,追踪夹取机器码,105.0,45.0,
,,追踪夹取色块,106.0,45.0,
,,追踪夹取物体,107.0,45.0,
,,开始垃圾分拣,108.0,45.0,
